anio_mes,venta_bruta,venta_total,costo_total,utilidad_bruta,margen_bruto_pct
2026-01,767065945.0,761674894.64,655569319.16,106105575.0,0.1393
2026-02,771488260.0,754380452.5799999,623005507.4,131374945.0,0.1741
2026-03,915980847.0,868932146.74,709930961.19,159001186.0,0.183
2026-04,911751425.0,882693265.35,720666215.8800001,162027049.0,0.1836
2026-05,696983334.0,678437833.89,566118059.4,112319774.0,0.1656
2026-06,873775097.0,857568492.1099999,708852184.59,148716308.0,0.1734
2026-07,612440522.0,597415255.6700001,500141936.46000004,97273319.0,0.1628
